{
    "abilityPoints": 16,
    "experiencePoints": 1983.267578125,
    "level": 17,
    "position": {
        "x": 20.388261795043947,
        "y": 0.024999797344207765,
        "z": 13.840458869934082
    }
}