{
    "abilityPoints": 1,
    "experiencePoints": 2692.54736328125,
    "level": 15,
    "position": {
        "x": 12.317325592041016,
        "y": 0.024999797344207765,
        "z": 5.8369975090026859
    }
}